,experiment,num,iterations
0,uniform_biased_RRT_biased_off_center_connected,-1,178.31421299921692
1,uniform_biased_RRT_biased_off_center_connected,0,178.48521057786485
2,uniform_biased_RRT_biased_off_center_connected,1,178.61904761904762
3,uniform_biased_RRT_biased_off_center_connected,10,177.71512539184954
4,uniform_biased_RRT_biased_off_center_connected,11,177.97686728092532
5,uniform_biased_RRT_biased_off_center_connected,12,178.17316356513223
6,uniform_biased_RRT_biased_off_center_connected,13,177.8785028414658
7,uniform_biased_RRT_biased_off_center_connected,14,178.0295962367699
8,uniform_biased_RRT_biased_off_center_connected,15,178.37806072477963
9,uniform_biased_RRT_biased_off_center_connected,16,178.70189861029556
10,uniform_biased_RRT_biased_off_center_connected,17,178.12328498627988
11,uniform_biased_RRT_biased_off_center_connected,18,178.1154223006075
12,uniform_biased_RRT_biased_off_center_connected,19,178.59937279498237
13,uniform_biased_RRT_biased_off_center_connected,2,178.33601097178683
14,uniform_biased_RRT_biased_off_center_connected,20,178.18628795298727
15,uniform_biased_RRT_biased_off_center_connected,21,178.02705351891785
16,uniform_biased_RRT_biased_off_center_connected,22,178.24456628157432
17,uniform_biased_RRT_biased_off_center_connected,23,178.48316366483948
18,uniform_biased_RRT_biased_off_center_connected,24,178.2456896551724
19,uniform_biased_RRT_biased_off_center_connected,25,177.91511468339542
20,uniform_biased_RRT_biased_off_center_connected,26,177.9594356261023
21,uniform_biased_RRT_biased_off_center_connected,27,178.2372549019608
22,uniform_biased_RRT_biased_off_center_connected,28,178.3644914756026
23,uniform_biased_RRT_biased_off_center_connected,29,178.3526645768025
24,uniform_biased_RRT_biased_off_center_connected,3,177.84512840619487
25,uniform_biased_RRT_biased_off_center_connected,30,178.36016451233843
26,uniform_biased_RRT_biased_off_center_connected,31,178.44598825831702
27,uniform_biased_RRT_biased_off_center_connected,32,178.60003919263178
28,uniform_biased_RRT_biased_off_center_connected,33,178.19416144200628
29,uniform_biased_RRT_biased_off_center_connected,34,178.20783545543586
30,uniform_biased_RRT_biased_off_center_connected,35,178.49236491777603
31,uniform_biased_RRT_biased_off_center_connected,36,178.0846726773814
32,uniform_biased_RRT_biased_off_center_connected,37,178.04174833398667
33,uniform_biased_RRT_biased_off_center_connected,38,178.11193883552244
34,uniform_biased_RRT_biased_off_center_connected,39,177.8689263322884
35,uniform_biased_RRT_biased_off_center_connected,4,177.82516660133282
36,uniform_biased_RRT_biased_off_center_connected,40,177.84607843137255
37,uniform_biased_RRT_biased_off_center_connected,41,178.41939275220372
38,uniform_biased_RRT_biased_off_center_connected,42,178.1735893416928
39,uniform_biased_RRT_biased_off_center_connected,43,178.00901783963928
40,uniform_biased_RRT_biased_off_center_connected,44,178.0317149569303
41,uniform_biased_RRT_biased_off_center_connected,45,178.277375122429
42,uniform_biased_RRT_biased_off_center_connected,46,178.20474137931035
43,uniform_biased_RRT_biased_off_center_connected,47,178.09208463949844
44,uniform_biased_RRT_biased_off_center_connected,48,177.95925563173358
45,uniform_biased_RRT_biased_off_center_connected,49,178.04371691825133
46,uniform_biased_RRT_biased_off_center_connected,5,177.60552075176193
47,uniform_biased_RRT_biased_off_center_connected,50,178.13701311411236
48,uniform_biased_RRT_biased_off_center_connected,51,178.3444292148032
49,uniform_biased_RRT_biased_off_center_connected,52,178.59761112198942
50,uniform_biased_RRT_biased_off_center_connected,53,178.16826640548481
51,uniform_biased_RRT_biased_off_center_connected,54,178.44668757350058
52,uniform_biased_RRT_biased_off_center_connected,55,177.77146217169738
53,uniform_biased_RRT_biased_off_center_connected,56,178.41578535056797
54,uniform_biased_RRT_biased_off_center_connected,57,177.96923981191222
55,uniform_biased_RRT_biased_off_center_connected,58,178.41387419165196
56,uniform_biased_RRT_biased_off_center_connected,59,178.61750881316098
57,uniform_biased_RRT_biased_off_center_connected,6,178.29635437083496
58,uniform_biased_RRT_biased_off_center_connected,60,178.22132915114685
59,uniform_biased_RRT_biased_off_center_connected,61,177.7456896551724
60,uniform_biased_RRT_biased_off_center_connected,62,177.5568181818182
61,uniform_biased_RRT_biased_off_center_connected,63,178.2371154223006
62,uniform_biased_RRT_biased_off_center_connected,64,178.20176297747307
63,uniform_biased_RRT_biased_off_center_connected,65,178.3588638589618
64,uniform_biased_RRT_biased_off_center_connected,66,178.2158667972576
65,uniform_biased_RRT_biased_off_center_connected,67,177.8890848520478
66,uniform_biased_RRT_biased_off_center_connected,68,178.2456896551724
67,uniform_biased_RRT_biased_off_center_connected,69,178.15233992559232
68,uniform_biased_RRT_biased_off_center_connected,7,178.43884751078008
69,uniform_biased_RRT_biased_off_center_connected,70,178.15018601918933
70,uniform_biased_RRT_biased_off_center_connected,71,178.37206112852664
71,uniform_biased_RRT_biased_off_center_connected,72,178.08989424206817
72,uniform_biased_RRT_biased_off_center_connected,73,178.0960219478738
73,uniform_biased_RRT_biased_off_center_connected,74,178.2160626836435
74,uniform_biased_RRT_biased_off_center_connected,75,178.28750489620055
75,uniform_biased_RRT_biased_off_center_connected,76,177.8413320274241
76,uniform_biased_RRT_biased_off_center_connected,77,177.9138099902057
77,uniform_biased_RRT_biased_off_center_connected,78,178.57708129285015
78,uniform_biased_RRT_biased_off_center_connected,79,177.75441003528027
79,uniform_biased_RRT_biased_off_center_connected,8,178.2204585537919
80,uniform_biased_RRT_biased_off_center_connected,80,178.280062671367
81,uniform_biased_RRT_biased_off_center_connected,81,178.24044679600235
82,uniform_biased_RRT_biased_off_center_connected,82,178.44601214971584
83,uniform_biased_RRT_biased_off_center_connected,83,177.81456823967105
84,uniform_biased_RRT_biased_off_center_connected,84,178.29982363315696
85,uniform_biased_RRT_biased_off_center_connected,85,178.19385157626786
86,uniform_biased_RRT_biased_off_center_connected,86,178.0570252792475
87,uniform_biased_RRT_biased_off_center_connected,87,178.36833855799372
88,uniform_biased_RRT_biased_off_center_connected,88,178.12406899255194
89,uniform_biased_RRT_biased_off_center_connected,89,178.1935736677116
90,uniform_biased_RRT_biased_off_center_connected,9,177.89415915327322
91,uniform_biased_RRT_biased_off_center_connected,90,178.50176263219743
92,uniform_biased_RRT_biased_off_center_connected,91,178.1797334378675
93,uniform_biased_RRT_biased_off_center_connected,92,177.81504702194357
94,uniform_biased_RRT_biased_off_center_connected,93,177.7483339866719
95,uniform_biased_RRT_biased_off_center_connected,94,177.66967084639498
96,uniform_biased_RRT_biased_off_center_connected,95,178.21374045801528
97,uniform_biased_RRT_biased_off_center_connected,96,178.39882468168463
98,uniform_biased_RRT_biased_off_center_connected,97,178.08780870246963
99,uniform_biased_RRT_biased_off_center_connected,98,178.1630094043887
100,uniform_biased_RRT_biased_off_center_connected,99,178.02469135802468
101,uniform_biased_RRT_biased_off_center_connected_filter,-1,178.93035118697273
102,uniform_biased_RRT_biased_off_center_connected_filter,0,178.6591532732262
103,uniform_biased_RRT_biased_off_center_connected_filter,1,178.98882133751715
104,uniform_biased_RRT_biased_off_center_connected_filter,10,178.52839796318057
105,uniform_biased_RRT_biased_off_center_connected_filter,11,178.80740595611286
106,uniform_biased_RRT_biased_off_center_connected_filter,12,178.4478021978022
107,uniform_biased_RRT_biased_off_center_connected_filter,13,179.11324451410658
108,uniform_biased_RRT_biased_off_center_connected_filter,14,178.3028638681836
109,uniform_biased_RRT_biased_off_center_connected_filter,15,178.5826802507837
110,uniform_biased_RRT_biased_off_center_connected_filter,16,178.9587750294464
111,uniform_biased_RRT_biased_off_center_connected_filter,17,178.68365346922775
112,uniform_biased_RRT_biased_off_center_connected_filter,18,178.43111894963747
113,uniform_biased_RRT_biased_off_center_connected_filter,19,178.67280564263322
114,uniform_biased_RRT_biased_off_center_connected_filter,2,178.30208333333334
115,uniform_biased_RRT_biased_off_center_connected_filter,20,178.9765074393109
116,uniform_biased_RRT_biased_off_center_connected_filter,21,179.09317379364455
117,uniform_biased_RRT_biased_off_center_connected_filter,22,178.56691522762952
118,uniform_biased_RRT_biased_off_center_connected_filter,23,178.56208382295338
119,uniform_biased_RRT_biased_off_center_connected_filter,24,178.37036310107948
120,uniform_biased_RRT_biased_off_center_connected_filter,25,178.3965483428123
121,uniform_biased_RRT_biased_off_center_connected_filter,26,178.73064105077435
122,uniform_biased_RRT_biased_off_center_connected_filter,27,177.94
123,uniform_biased_RRT_biased_off_center_connected_filter,28,178.45401059031184
124,uniform_biased_RRT_biased_off_center_connected_filter,29,178.53486544883128
125,uniform_biased_RRT_biased_off_center_connected_filter,3,178.93411764705883
126,uniform_biased_RRT_biased_off_center_connected_filter,30,178.0548267084394
127,uniform_biased_RRT_biased_off_center_connected_filter,31,178.37073362102785
128,uniform_biased_RRT_biased_off_center_connected_filter,32,178.62578492935637
129,uniform_biased_RRT_biased_off_center_connected_filter,33,178.6970351462792
130,uniform_biased_RRT_biased_off_center_connected_filter,34,178.5280172413793
131,uniform_biased_RRT_biased_off_center_connected_filter,35,178.3827910623285
132,uniform_biased_RRT_biased_off_center_connected_filter,36,178.52287453367367
133,uniform_biased_RRT_biased_off_center_connected_filter,37,178.146025515211
134,uniform_biased_RRT_biased_off_center_connected_filter,38,178.6358109433222
135,uniform_biased_RRT_biased_off_center_connected_filter,39,178.78846153846155
136,uniform_biased_RRT_biased_off_center_connected_filter,4,178.21466379141344
137,uniform_biased_RRT_biased_off_center_connected_filter,40,178.4037291462218
138,uniform_biased_RRT_biased_off_center_connected_filter,41,178.65515888583758
139,uniform_biased_RRT_biased_off_center_connected_filter,42,178.73414490477126
140,uniform_biased_RRT_biased_off_center_connected_filter,43,178.4062806673209
141,uniform_biased_RRT_biased_off_center_connected_filter,44,178.31809262166405
142,uniform_biased_RRT_biased_off_center_connected_filter,45,178.42305430307783
143,uniform_biased_RRT_biased_off_center_connected_filter,46,178.77042115572968
144,uniform_biased_RRT_biased_off_center_connected_filter,47,178.4251274010192
145,uniform_biased_RRT_biased_off_center_connected_filter,48,178.4369846878681
146,uniform_biased_RRT_biased_off_center_connected_filter,49,178.93225996465736
147,uniform_biased_RRT_biased_off_center_connected_filter,5,178.46781789638933
148,uniform_biased_RRT_biased_off_center_connected_filter,50,178.6833431430253
149,uniform_biased_RRT_biased_off_center_connected_filter,51,178.9141513132105
150,uniform_biased_RRT_biased_off_center_connected_filter,52,178.8309831570701
151,uniform_biased_RRT_biased_off_center_connected_filter,53,178.3511659807956
152,uniform_biased_RRT_biased_off_center_connected_filter,54,178.49646920360925
153,uniform_biased_RRT_biased_off_center_connected_filter,55,178.61260553701158
154,uniform_biased_RRT_biased_off_center_connected_filter,56,178.66941338041985
155,uniform_biased_RRT_biased_off_center_connected_filter,57,178.98960784313726
156,uniform_biased_RRT_biased_off_center_connected_filter,58,178.60446883575068
157,uniform_biased_RRT_biased_off_center_connected_filter,59,179.19435736677116
158,uniform_biased_RRT_biased_off_center_connected_filter,6,178.39650774965665
159,uniform_biased_RRT_biased_off_center_connected_filter,60,178.97684003925417
160,uniform_biased_RRT_biased_off_center_connected_filter,61,178.26919301001374
161,uniform_biased_RRT_biased_off_center_connected_filter,62,178.93476983349657
162,uniform_biased_RRT_biased_off_center_connected_filter,63,178.83977250441262
163,uniform_biased_RRT_biased_off_center_connected_filter,64,178.71879905808478
164,uniform_biased_RRT_biased_off_center_connected_filter,65,178.55280722418533
165,uniform_biased_RRT_biased_off_center_connected_filter,66,178.7451866404715
166,uniform_biased_RRT_biased_off_center_connected_filter,67,178.63722025912838
167,uniform_biased_RRT_biased_off_center_connected_filter,68,178.62441130298274
168,uniform_biased_RRT_biased_off_center_connected_filter,69,179.15425323402587
169,uniform_biased_RRT_biased_off_center_connected_filter,7,178.3678634490877
170,uniform_biased_RRT_biased_off_center_connected_filter,70,178.3910319169767
171,uniform_biased_RRT_biased_off_center_connected_filter,71,178.6701919310615
172,uniform_biased_RRT_biased_off_center_connected_filter,72,178.7427898763979
173,uniform_biased_RRT_biased_off_center_connected_filter,73,178.21197252208046
174,uniform_biased_RRT_biased_off_center_connected_filter,74,178.7098293113596
175,uniform_biased_RRT_biased_off_center_connected_filter,75,178.97783879192
176,uniform_biased_RRT_biased_off_center_connected_filter,76,178.69280533228778
177,uniform_biased_RRT_biased_off_center_connected_filter,77,178.15856526852215
178,uniform_biased_RRT_biased_off_center_connected_filter,78,179.19232275754015
179,uniform_biased_RRT_biased_off_center_connected_filter,79,178.53130520117762
180,uniform_biased_RRT_biased_off_center_connected_filter,8,178.60345504515115
181,uniform_biased_RRT_biased_off_center_connected_filter,80,178.65738380074524
182,uniform_biased_RRT_biased_off_center_connected_filter,81,178.61116552399608
183,uniform_biased_RRT_biased_off_center_connected_filter,82,178.56262269336474
184,uniform_biased_RRT_biased_off_center_connected_filter,83,178.70454545454547
185,uniform_biased_RRT_biased_off_center_connected_filter,84,178.8169345354763
186,uniform_biased_RRT_biased_off_center_connected_filter,85,178.84666666666666
187,uniform_biased_RRT_biased_off_center_connected_filter,86,178.49058823529413
188,uniform_biased_RRT_biased_off_center_connected_filter,87,178.51422963689893
189,uniform_biased_RRT_biased_off_center_connected_filter,88,178.8632980806894
190,uniform_biased_RRT_biased_off_center_connected_filter,89,178.36074582924437
191,uniform_biased_RRT_biased_off_center_connected_filter,9,178.53140950137416
192,uniform_biased_RRT_biased_off_center_connected_filter,90,178.95279138099903
193,uniform_biased_RRT_biased_off_center_connected_filter,91,178.30500490677133
194,uniform_biased_RRT_biased_off_center_connected_filter,92,178.64102060843965
195,uniform_biased_RRT_biased_off_center_connected_filter,93,178.62553942722636
196,uniform_biased_RRT_biased_off_center_connected_filter,94,179.29866823345085
197,uniform_biased_RRT_biased_off_center_connected_filter,95,178.62004707728522
198,uniform_biased_RRT_biased_off_center_connected_filter,96,178.55202198665097
199,uniform_biased_RRT_biased_off_center_connected_filter,97,178.58512720156557
200,uniform_biased_RRT_biased_off_center_connected_filter,98,178.64105077435798
201,uniform_biased_RRT_biased_off_center_connected_filter,99,178.49383199530058
202,uniform_biased___off_center_connected,-1,211.02475532527345
203,uniform_biased___off_center_connected,0,210.54501915708812
204,uniform_biased___off_center_connected,1,210.76841291320318
205,uniform_biased___off_center_connected,10,210.46939953810625
206,uniform_biased___off_center_connected,11,210.55811277330264
207,uniform_biased___off_center_connected,12,210.85312679288583
208,uniform_biased___off_center_connected,13,210.77109359984624
209,uniform_biased___off_center_connected,14,210.3570467217843
210,uniform_biased___off_center_connected,15,209.56670511341792
211,uniform_biased___off_center_connected,16,210.42540478026214
212,uniform_biased___off_center_connected,17,211.21238768877845
213,uniform_biased___off_center_connected,18,210.73724441047202
214,uniform_biased___off_center_connected,19,210.69474899019042
215,uniform_biased___off_center_connected,2,209.8677861416715
216,uniform_biased___off_center_connected,20,210.6936815824851
217,uniform_biased___off_center_connected,21,211.8327931363203
218,uniform_biased___off_center_connected,22,210.5117217524981
219,uniform_biased___off_center_connected,23,209.70823665893272
220,uniform_biased___off_center_connected,24,209.98167791706845
221,uniform_biased___off_center_connected,25,210.1831094049904
222,uniform_biased___off_center_connected,26,210.056389530408
223,uniform_biased___off_center_connected,27,210.78363914373088
224,uniform_biased___off_center_connected,28,210.33052147239263
225,uniform_biased___off_center_connected,29,210.3756959109234
226,uniform_biased___off_center_connected,3,210.92626552053486
227,uniform_biased___off_center_connected,30,211.02183908045976
228,uniform_biased___off_center_connected,31,210.63152860149225
229,uniform_biased___off_center_connected,32,210.81971614883008
230,uniform_biased___off_center_connected,33,211.05899253016665
231,uniform_biased___off_center_connected,34,210.84274193548387
232,uniform_biased___off_center_connected,35,211.6446583253128
233,uniform_biased___off_center_connected,36,210.80953296175284
234,uniform_biased___off_center_connected,37,211.08149990434285
235,uniform_biased___off_center_connected,38,211.25028746646225
236,uniform_biased___off_center_connected,39,209.81798880524994
237,uniform_biased___off_center_connected,4,210.1221064814815
238,uniform_biased___off_center_connected,40,210.86059443911793
239,uniform_biased___off_center_connected,41,209.94069097888675
240,uniform_biased___off_center_connected,42,210.85908742331287
241,uniform_biased___off_center_connected,43,211.15206579954094
242,uniform_biased___off_center_connected,44,210.44311838306064
243,uniform_biased___off_center_connected,45,210.39063403353248
244,uniform_biased___off_center_connected,46,209.71739549219802
245,uniform_biased___off_center_connected,47,210.68007662835248
246,uniform_biased___off_center_connected,48,210.85394333843797
247,uniform_biased___off_center_connected,49,210.62047846889953
248,uniform_biased___off_center_connected,5,210.5909178003449
249,uniform_biased___off_center_connected,50,210.09865384615384
250,uniform_biased___off_center_connected,51,209.7825004786521
251,uniform_biased___off_center_connected,52,210.08785082660515
252,uniform_biased___off_center_connected,53,210.92837941628264
253,uniform_biased___off_center_connected,54,210.32576923076923
254,uniform_biased___off_center_connected,55,210.1946425130083
255,uniform_biased___off_center_connected,56,210.81067026194145
256,uniform_biased___off_center_connected,57,210.32168905950095
257,uniform_biased___off_center_connected,58,210.60599078341014
258,uniform_biased___off_center_connected,59,210.2036286431191
259,uniform_biased___off_center_connected,6,210.78915085298064
260,uniform_biased___off_center_connected,60,210.1295585412668
261,uniform_biased___off_center_connected,61,211.44540229885058
262,uniform_biased___off_center_connected,62,210.53868249712752
263,uniform_biased___off_center_connected,63,210.94836852207294
264,uniform_biased___off_center_connected,64,210.71030534351146
265,uniform_biased___off_center_connected,65,210.55241935483872
266,uniform_biased___off_center_connected,66,210.14772727272728
267,uniform_biased___off_center_connected,67,210.1393741601075
268,uniform_biased___off_center_connected,68,209.3972629144179
269,uniform_biased___off_center_connected,69,210.82216247359324
270,uniform_biased___off_center_connected,7,209.99672573189522
271,uniform_biased___off_center_connected,70,211.91897044804577
272,uniform_biased___off_center_connected,71,210.3792837889873
273,uniform_biased___off_center_connected,72,210.77667304015296
274,uniform_biased___off_center_connected,73,211.2509083954867
275,uniform_biased___off_center_connected,74,209.96017699115043
276,uniform_biased___off_center_connected,75,210.63802383698578
277,uniform_biased___off_center_connected,76,211.7375600384246
278,uniform_biased___off_center_connected,77,210.28450758302938
279,uniform_biased___off_center_connected,78,211.04628035953337
280,uniform_biased___off_center_connected,79,209.63216407897258
281,uniform_biased___off_center_connected,8,210.4381245196003
282,uniform_biased___off_center_connected,80,210.93716577540107
283,uniform_biased___off_center_connected,81,210.56028368794327
284,uniform_biased___off_center_connected,82,210.6130518234165
285,uniform_biased___off_center_connected,83,210.0413047674194
286,uniform_biased___off_center_connected,84,210.56385634722488
287,uniform_biased___off_center_connected,85,210.3175182481752
288,uniform_biased___off_center_connected,86,210.39259685462218
289,uniform_biased___off_center_connected,87,210.3339738662567
290,uniform_biased___off_center_connected,88,210.0540280715247
291,uniform_biased___off_center_connected,89,210.8121153846154
292,uniform_biased___off_center_connected,9,209.44784449576596
293,uniform_biased___off_center_connected,90,210.8872021521906
294,uniform_biased___off_center_connected,91,210.3383487654321
295,uniform_biased___off_center_connected,92,211.04344497607656
296,uniform_biased___off_center_connected,93,210.36641074856047
297,uniform_biased___off_center_connected,94,209.79668529581807
298,uniform_biased___off_center_connected,95,210.60250240615977
299,uniform_biased___off_center_connected,96,210.38091588426903
300,uniform_biased___off_center_connected,97,210.76561604584526
301,uniform_biased___off_center_connected,98,211.47719432732848
302,uniform_biased___off_center_connected,99,211.33946008041355
303,uniform_biased_grid-walk_biased_off_center_connected_multiple,-1,178.0319107282694
304,uniform_biased_grid-walk_biased_off_center_connected_multiple,0,178.04975514201763
305,uniform_biased_grid-walk_biased_off_center_connected_multiple,1,177.27345739471107
306,uniform_biased_grid-walk_biased_off_center_connected_multiple,10,177.79369122257054
307,uniform_biased_grid-walk_biased_off_center_connected_multiple,11,178.29204233633868
308,uniform_biased_grid-walk_biased_off_center_connected_multiple,12,177.56605252842022
309,uniform_biased_grid-walk_biased_off_center_connected_multiple,13,177.96610501567397
310,uniform_biased_grid-walk_biased_off_center_connected_multiple,14,178.04369978444052
311,uniform_biased_grid-walk_biased_off_center_connected_multiple,15,178.2005876591577
312,uniform_biased_grid-walk_biased_off_center_connected_multiple,16,177.85403605015674
313,uniform_biased_grid-walk_biased_off_center_connected_multiple,17,177.84436178543461
314,uniform_biased_grid-walk_biased_off_center_connected_multiple,18,177.85773074661964
315,uniform_biased_grid-walk_biased_off_center_connected_multiple,19,177.74446404076033
316,uniform_biased_grid-walk_biased_off_center_connected_multiple,2,178.08094864758917
317,uniform_biased_grid-walk_biased_off_center_connected_multiple,20,178.000196001568
318,uniform_biased_grid-walk_biased_off_center_connected_multiple,21,178.13389531464418
319,uniform_biased_grid-walk_biased_off_center_connected_multiple,22,177.969631661442
320,uniform_biased_grid-walk_biased_off_center_connected_multiple,23,177.73309817754262
321,uniform_biased_grid-walk_biased_off_center_connected_multiple,24,177.85613484907879
322,uniform_biased_grid-walk_biased_off_center_connected_multiple,25,178.26640548481882
323,uniform_biased_grid-walk_biased_off_center_connected_multiple,26,178.08253283669868
324,uniform_biased_grid-walk_biased_off_center_connected_multiple,27,178.41927899686522
325,uniform_biased_grid-walk_biased_off_center_connected_multiple,28,177.9494712103408
326,uniform_biased_grid-walk_biased_off_center_connected_multiple,29,177.5512443660592
327,uniform_biased_grid-walk_biased_off_center_connected_multiple,3,177.8108848864526
328,uniform_biased_grid-walk_biased_off_center_connected_multiple,30,178.11030564263322
329,uniform_biased_grid-walk_biased_off_center_connected_multiple,31,177.6126567398119
330,uniform_biased_grid-walk_biased_off_center_connected_multiple,32,178.05795966320736
331,uniform_biased_grid-walk_biased_off_center_connected_multiple,33,178.17114291315428
332,uniform_biased_grid-walk_biased_off_center_connected_multiple,34,177.82112068965517
333,uniform_biased_grid-walk_biased_off_center_connected_multiple,35,178.42829153605015
334,uniform_biased_grid-walk_biased_off_center_connected_multiple,36,177.8568070519099
335,uniform_biased_grid-walk_biased_off_center_connected_multiple,37,178.08522727272728
336,uniform_biased_grid-walk_biased_off_center_connected_multiple,38,177.51656537933738
337,uniform_biased_grid-walk_biased_off_center_connected_multiple,39,177.53948657652361
338,uniform_biased_grid-walk_biased_off_center_connected_multiple,4,177.90266353309832
339,uniform_biased_grid-walk_biased_off_center_connected_multiple,40,178.08232065856527
340,uniform_biased_grid-walk_biased_off_center_connected_multiple,41,177.85540752351096
341,uniform_biased_grid-walk_biased_off_center_connected_multiple,42,177.10562414266118
342,uniform_biased_grid-walk_biased_off_center_connected_multiple,43,177.61806780325298
343,uniform_biased_grid-walk_biased_off_center_connected_multiple,44,178.06798589341693
344,uniform_biased_grid-walk_biased_off_center_connected_multiple,45,178.33869070952568
345,uniform_biased_grid-walk_biased_off_center_connected_multiple,46,177.39631517052138
346,uniform_biased_grid-walk_biased_off_center_connected_multiple,47,178.30611045828437
347,uniform_biased_grid-walk_biased_off_center_connected_multiple,48,178.09244026635332
348,uniform_biased_grid-walk_biased_off_center_connected_multiple,49,178.030968247746
349,uniform_biased_grid-walk_biased_off_center_connected_multiple,5,177.89237404430503
350,uniform_biased_grid-walk_biased_off_center_connected_multiple,50,178.31537708129284
351,uniform_biased_grid-walk_biased_off_center_connected_multiple,51,177.88643038966126
352,uniform_biased_grid-walk_biased_off_center_connected_multiple,52,177.6292377033118
353,uniform_biased_grid-walk_biased_off_center_connected_multiple,53,177.77173061863743
354,uniform_biased_grid-walk_biased_off_center_connected_multiple,54,177.7581340650725
355,uniform_biased_grid-walk_biased_off_center_connected_multiple,55,177.99823564007056
356,uniform_biased_grid-walk_biased_off_center_connected_multiple,56,177.727041315841
357,uniform_biased_grid-walk_biased_off_center_connected_multiple,57,177.56840454723638
358,uniform_biased_grid-walk_biased_off_center_connected_multiple,58,178.0101840971406
359,uniform_biased_grid-walk_biased_off_center_connected_multiple,59,177.75269449343523
360,uniform_biased_grid-walk_biased_off_center_connected_multiple,6,177.88989028213166
361,uniform_biased_grid-walk_biased_off_center_connected_multiple,60,178.00705329153604
362,uniform_biased_grid-walk_biased_off_center_connected_multiple,61,178.29502740798748
363,uniform_biased_grid-walk_biased_off_center_connected_multiple,62,177.92316738533907
364,uniform_biased_grid-walk_biased_off_center_connected_multiple,63,177.79302234417875
365,uniform_biased_grid-walk_biased_off_center_connected_multiple,64,177.80744368266406
366,uniform_biased_grid-walk_biased_off_center_connected_multiple,65,178.05801646413173
367,uniform_biased_grid-walk_biased_off_center_connected_multiple,66,178.0605407523511
368,uniform_biased_grid-walk_biased_off_center_connected_multiple,67,177.52664576802508
369,uniform_biased_grid-walk_biased_off_center_connected_multiple,68,178.1916144200627
370,uniform_biased_grid-walk_biased_off_center_connected_multiple,69,177.91669933359466
371,uniform_biased_grid-walk_biased_off_center_connected_multiple,7,177.59141681363903
372,uniform_biased_grid-walk_biased_off_center_connected_multiple,70,177.87218192511273
373,uniform_biased_grid-walk_biased_off_center_connected_multiple,71,178.0241034685479
374,uniform_biased_grid-walk_biased_off_center_connected_multiple,72,178.0719325754606
375,uniform_biased_grid-walk_biased_off_center_connected_multiple,73,178.44414009000195
376,uniform_biased_grid-walk_biased_off_center_connected_multiple,74,177.53106016068978
377,uniform_biased_grid-walk_biased_off_center_connected_multiple,75,177.49627597020776
378,uniform_biased_grid-walk_biased_off_center_connected_multiple,76,177.5175318315377
379,uniform_biased_grid-walk_biased_off_center_connected_multiple,77,178.43388834476005
380,uniform_biased_grid-walk_biased_off_center_connected_multiple,78,178.0103901195844
381,uniform_biased_grid-walk_biased_off_center_connected_multiple,79,178.0666013712047
382,uniform_biased_grid-walk_biased_off_center_connected_multiple,8,177.7680250783699
383,uniform_biased_grid-walk_biased_off_center_connected_multiple,80,178.1127009016072
384,uniform_biased_grid-walk_biased_off_center_connected_multiple,81,177.62779302234418
385,uniform_biased_grid-walk_biased_off_center_connected_multiple,82,178.31577916992953
386,uniform_biased_grid-walk_biased_off_center_connected_multiple,83,177.80156709108718
387,uniform_biased_grid-walk_biased_off_center_connected_multiple,84,177.905368338558
388,uniform_biased_grid-walk_biased_off_center_connected_multiple,85,178.16696061140505
389,uniform_biased_grid-walk_biased_off_center_connected_multiple,86,177.46775142128993
390,uniform_biased_grid-walk_biased_off_center_connected_multiple,87,177.53008034489517
391,uniform_biased_grid-walk_biased_off_center_connected_multiple,88,177.99588316016468
392,uniform_biased_grid-walk_biased_off_center_connected_multiple,89,177.68593260188086
393,uniform_biased_grid-walk_biased_off_center_connected_multiple,9,177.70045089198197
394,uniform_biased_grid-walk_biased_off_center_connected_multiple,90,177.5573385518591
395,uniform_biased_grid-walk_biased_off_center_connected_multiple,91,177.47383891828335
396,uniform_biased_grid-walk_biased_off_center_connected_multiple,92,177.6377891023128
397,uniform_biased_grid-walk_biased_off_center_connected_multiple,93,177.92343841785785
398,uniform_biased_grid-walk_biased_off_center_connected_multiple,94,177.64427032321254
399,uniform_biased_grid-walk_biased_off_center_connected_multiple,95,177.95397571484528
400,uniform_biased_grid-walk_biased_off_center_connected_multiple,96,177.52557319223985
401,uniform_biased_grid-walk_biased_off_center_connected_multiple,97,178.1437806072478
402,uniform_biased_grid-walk_biased_off_center_connected_multiple,98,178.04329937304075
403,uniform_biased_grid-walk_biased_off_center_connected_multiple,99,177.68587105624144
404,uniform_biased_grid-walk_biased_off_center_connected_multiple_filter,-1,178.52316450726346
405,uniform_biased_grid-walk_biased_off_center_connected_multiple_filter,0,178.1102825745683
406,uniform_biased_grid-walk_biased_off_center_connected_multiple_filter,1,177.60471050049068
407,uniform_biased_grid-walk_biased_off_center_connected_multiple_filter,10,177.5082482325216
408,uniform_biased_grid-walk_biased_off_center_connected_multiple_filter,11,177.65456329735034
409,uniform_biased_grid-walk_biased_off_center_connected_multiple_filter,12,178.28434065934067
410,uniform_biased_grid-walk_biased_off_center_connected_multiple_filter,13,177.96662740478996
411,uniform_biased_grid-walk_biased_off_center_connected_multiple_filter,14,178.03576341127922
412,uniform_biased_grid-walk_biased_off_center_connected_multiple_filter,15,177.8095238095238
413,uniform_biased_grid-walk_biased_off_center_connected_multiple_filter,16,177.8666013712047
414,uniform_biased_grid-walk_biased_off_center_connected_multiple_filter,17,177.66261755485894
415,uniform_biased_grid-walk_biased_off_center_connected_multiple_filter,18,178.09187279151942
416,uniform_biased_grid-walk_biased_off_center_connected_multiple_filter,19,177.97138377107018
417,uniform_biased_grid-walk_biased_off_center_connected_multiple_filter,2,177.83326802507838
418,uniform_biased_grid-walk_biased_off_center_connected_multiple_filter,20,178.37220259128387
419,uniform_biased_grid-walk_biased_off_center_connected_multiple_filter,21,177.17844522968198
420,uniform_biased_grid-walk_biased_off_center_connected_multiple_filter,22,177.01529411764704
421,uniform_biased_grid-walk_biased_off_center_connected_multiple_filter,23,177.8131868131868
422,uniform_biased_grid-walk_biased_off_center_connected_multiple_filter,24,177.76957801766437
423,uniform_biased_grid-walk_biased_off_center_connected_multiple_filter,25,177.97806502154327
424,uniform_biased_grid-walk_biased_off_center_connected_multiple_filter,26,177.95544651619235
425,uniform_biased_grid-walk_biased_off_center_connected_multiple_filter,27,178.4004706805256
426,uniform_biased_grid-walk_biased_off_center_connected_multiple_filter,28,177.80726915520628
427,uniform_biased_grid-walk_biased_off_center_connected_multiple_filter,29,177.85708676874754
428,uniform_biased_grid-walk_biased_off_center_connected_multiple_filter,3,177.9749265426053
429,uniform_biased_grid-walk_biased_off_center_connected_multiple_filter,30,177.8049402078024
430,uniform_biased_grid-walk_biased_off_center_connected_multiple_filter,31,178.214019242097
431,uniform_biased_grid-walk_biased_off_center_connected_multiple_filter,32,178.11464468001572
432,uniform_biased_grid-walk_biased_off_center_connected_multiple_filter,33,177.2299706170421
433,uniform_biased_grid-walk_biased_off_center_connected_multiple_filter,34,177.6777799568543
434,uniform_biased_grid-walk_biased_off_center_connected_multiple_filter,35,178.18176470588236
435,uniform_biased_grid-walk_biased_off_center_connected_multiple_filter,36,178.1187071498531
436,uniform_biased_grid-walk_biased_off_center_connected_multiple_filter,37,177.53502060035314
437,uniform_biased_grid-walk_biased_off_center_connected_multiple_filter,38,177.74975504605135
438,uniform_biased_grid-walk_biased_off_center_connected_multiple_filter,39,177.9888147566719
439,uniform_biased_grid-walk_biased_off_center_connected_multiple_filter,4,177.82326402510787
440,uniform_biased_grid-walk_biased_off_center_connected_multiple_filter,40,177.78054520494214
441,uniform_biased_grid-walk_biased_off_center_connected_multiple_filter,41,177.90041168398352
442,uniform_biased_grid-walk_biased_off_center_connected_multiple_filter,42,177.52542705674455
443,uniform_biased_grid-walk_biased_off_center_connected_multiple_filter,43,177.82853223593963
444,uniform_biased_grid-walk_biased_off_center_connected_multiple_filter,44,177.83192782898607
445,uniform_biased_grid-walk_biased_off_center_connected_multiple_filter,45,178.183705444575
446,uniform_biased_grid-walk_biased_off_center_connected_multiple_filter,46,177.79230467216334
447,uniform_biased_grid-walk_biased_off_center_connected_multiple_filter,47,178.0074612212841
448,uniform_biased_grid-walk_biased_off_center_connected_multiple_filter,48,177.83323535175387
449,uniform_biased_grid-walk_biased_off_center_connected_multiple_filter,49,177.55516293678838
450,uniform_biased_grid-walk_biased_off_center_connected_multiple_filter,5,177.87068288854005
451,uniform_biased_grid-walk_biased_off_center_connected_multiple_filter,50,177.77475004901
452,uniform_biased_grid-walk_biased_off_center_connected_multiple_filter,51,177.9150480674907
453,uniform_biased_grid-walk_biased_off_center_connected_multiple_filter,52,177.43100744805957
454,uniform_biased_grid-walk_biased_off_center_connected_multiple_filter,53,177.7965902410347
455,uniform_biased_grid-walk_biased_off_center_connected_multiple_filter,54,177.49177115987462
456,uniform_biased_grid-walk_biased_off_center_connected_multiple_filter,55,177.94091087553986
457,uniform_biased_grid-walk_biased_off_center_connected_multiple_filter,56,177.78689167974883
458,uniform_biased_grid-walk_biased_off_center_connected_multiple_filter,57,178.1784802670332
459,uniform_biased_grid-walk_biased_off_center_connected_multiple_filter,58,178.14049911573983
460,uniform_biased_grid-walk_biased_off_center_connected_multiple_filter,59,177.87196078431373
461,uniform_biased_grid-walk_biased_off_center_connected_multiple_filter,6,177.37738071863342
462,uniform_biased_grid-walk_biased_off_center_connected_multiple_filter,60,177.691794267766
463,uniform_biased_grid-walk_biased_off_center_connected_multiple_filter,61,177.96956009426552
464,uniform_biased_grid-walk_biased_off_center_connected_multiple_filter,62,177.8796006264683
465,uniform_biased_grid-walk_biased_off_center_connected_multiple_filter,63,178.35928613453618
466,uniform_biased_grid-walk_biased_off_center_connected_multiple_filter,64,177.47863582908664
467,uniform_biased_grid-walk_biased_off_center_connected_multiple_filter,65,178.10223704866561
468,uniform_biased_grid-walk_biased_off_center_connected_multiple_filter,66,178.03218842001962
469,uniform_biased_grid-walk_biased_off_center_connected_multiple_filter,67,177.94099196236033
470,uniform_biased_grid-walk_biased_off_center_connected_multiple_filter,68,178.22684458398743
471,uniform_biased_grid-walk_biased_off_center_connected_multiple_filter,69,177.83143642072213
472,uniform_biased_grid-walk_biased_off_center_connected_multiple_filter,7,178.51538913938444
473,uniform_biased_grid-walk_biased_off_center_connected_multiple_filter,70,177.44063479623824
474,uniform_biased_grid-walk_biased_off_center_connected_multiple_filter,71,178.21923981191222
475,uniform_biased_grid-walk_biased_off_center_connected_multiple_filter,72,177.6978021978022
476,uniform_biased_grid-walk_biased_off_center_connected_multiple_filter,73,177.96530772246177
477,uniform_biased_grid-walk_biased_off_center_connected_multiple_filter,74,178.32119075597336
478,uniform_biased_grid-walk_biased_off_center_connected_multiple_filter,75,178.54140502354787
479,uniform_biased_grid-walk_biased_off_center_connected_multiple_filter,76,177.69247353978832
480,uniform_biased_grid-walk_biased_off_center_connected_multiple_filter,77,177.70574397177023
481,uniform_biased_grid-walk_biased_off_center_connected_multiple_filter,78,177.73130520117763
482,uniform_biased_grid-walk_biased_off_center_connected_multiple_filter,79,177.84730127576054
483,uniform_biased_grid-walk_biased_off_center_connected_multiple_filter,8,177.69642857142858
484,uniform_biased_grid-walk_biased_off_center_connected_multiple_filter,80,177.66797565285685
485,uniform_biased_grid-walk_biased_off_center_connected_multiple_filter,81,177.60808160062768
486,uniform_biased_grid-walk_biased_off_center_connected_multiple_filter,82,177.91074931345625
487,uniform_biased_grid-walk_biased_off_center_connected_multiple_filter,83,178.02511773940344
488,uniform_biased_grid-walk_biased_off_center_connected_multiple_filter,84,178.05133228840126
489,uniform_biased_grid-walk_biased_off_center_connected_multiple_filter,85,177.87046123650637
490,uniform_biased_grid-walk_biased_off_center_connected_multiple_filter,86,177.6672552481852
491,uniform_biased_grid-walk_biased_off_center_connected_multiple_filter,87,177.60922473012758
492,uniform_biased_grid-walk_biased_off_center_connected_multiple_filter,88,177.83585016669934
493,uniform_biased_grid-walk_biased_off_center_connected_multiple_filter,89,178.1312953164805
494,uniform_biased_grid-walk_biased_off_center_connected_multiple_filter,9,177.81448763250884
495,uniform_biased_grid-walk_biased_off_center_connected_multiple_filter,90,178.0208128804241
496,uniform_biased_grid-walk_biased_off_center_connected_multiple_filter,91,177.74750244857984
497,uniform_biased_grid-walk_biased_off_center_connected_multiple_filter,92,178.01590418221087
498,uniform_biased_grid-walk_biased_off_center_connected_multiple_filter,93,177.81811054488435
499,uniform_biased_grid-walk_biased_off_center_connected_multiple_filter,94,177.90121520972167
500,uniform_biased_grid-walk_biased_off_center_connected_multiple_filter,95,177.649597802629
501,uniform_biased_grid-walk_biased_off_center_connected_multiple_filter,96,177.5934065934066
502,uniform_biased_grid-walk_biased_off_center_connected_multiple_filter,97,177.7941926623504
503,uniform_biased_grid-walk_biased_off_center_connected_multiple_filter,98,177.51598979792035
504,uniform_biased_grid-walk_biased_off_center_connected_multiple_filter,99,177.85969387755102
